b'RT Rice and Henderson Good Lord do Liverpool &amp West Ham fans really have to watch these guys pretend to be midfielders every wee\xe2\x80\xa6',b'RT Good Morning from Wembley\xe2\x98\x94 #GOT7inLondon https://t.co/ETcyrk9Uds',b'RT good evening ladies theydies and gentlemen have we eaten are we well moisturized are our necks STRAIGHT are we we\xe2\x80\xa6',b'So good Aire has the best designers \xe2\x9d\xa4\xef\xb8\x8f',"b""RT SG is one of many arms of the left Their goal is censoring Conservatives Don't let them use you in achieving their goal\xe2\x80\xa6""",b'I dislike arguing politics via social media No good can come from it. I avoid news outlets right now as well. Se https://t.co/P6u7mPZRL0',b'We are moving to the big Island I suggested they might wanna live stream my broadcast from there but t https://t.co/yI4Znbm2hY',"b""RT If you think you're a grinder just know just because u play a lot doesn't mean you're improving You need to do the right th\xe2\x80\xa6""",b'RT 282 Bujinki Amaterasu First released in Japanese and in English in 2014 thanks for the request Is this\xe2\x80\xa6',b'RT _Trahan College kids retweet for good luck https://t.co/Uus2Q6oJtN'
"b'This is sadly ""normal"".. just been having a good 3 weeks.. to litterly lean forward a hour into yardwo https://t.co/yx6Le37fQX'",b'RT Good grief what has happened to this once proud and great Nation Are these thugs really the best America has to offe\xe2\x80\xa6',b'Oh good to know The Token Good Jews will be so pleased to be spared their ire!',b'RT Sometimes you just have to accept that some people are shitty humans &amp stop trying to see the good that isn\xe2\x80\x99t there.',b'good job.',b'i lissas good morning put yourself first in a sexy way tweets',b'RT Me after taking a million selfies and not one looks good https://t.co/2Ngrf2Upm5',b'What is with the glitches good god #BTSinSaudiArabia',b'RT Me after taking a million selfies and not one looks good https://t.co/2Ngrf2Upm5',"b'Robbie smile,""Happy chase is good to...see.""'"
"b""good evening all my friends some people think they can control crime for someone but they don't know that god control Style""",b'This movie is so funny Iyabo ojo is good abeg..',b'RT This is almost as good as been invited to https://t.co/AtsgWOmTbT',b'RT _net jm im happy in this moment thanks to you guys I felt that this many people are cheering for us thanks to you for rea\xe2\x80\xa6',b'Head in the clouds II is so fucking GOOD \xf0\x9f\x98\xad\xe2\x9d\xa4\xef\xb8\x8f',"b""RT it's really hard whenever i want to finish a work commission even when I already set the deadline Because i tend to\xe2\x80\xa6""",b'At this point I feel like I\xe2\x80\x99m good for nothin but causing problems..',b'_awakening Good catch I watched every minute of the rally last night and didn\xe2\x80\x99t catch that Nice!',b'RT _smith Not up to 24hrs vector released the track Victoria kimani not tweeting good about m.i Milli told us how things went down w\xe2\x80\xa6',b'RT _Ekwo Good news that North may now leave the South alone. \xf0\x9f\x92\x83\xf0\x9f\x92\x83 https://t.co/P11hlgMAJu'
"b'RT We dream to reach the resettlement countries first THEN,going to universities,managing jobs,re\xe2\x80\xa6'",b'uh good for you Don\xe2\x80\x99t really have control over the models not being a 2d drawing lmao',b'RT sometimes you just gotta share good news wit yourself real shit.',"b""RT Ppl are liking #ShehnaazGill She's very much popular outside twitter world even on twitter also and she's doing good in th\xe2\x80\xa6""",b'Good \xf0\x9f\x98\x98\xf0\x9f\x98\x98\xf0\x9f\x98\x98',b'RT _Off A sweeter smile a brighter day hope everything turns out great for you today Good Morning.. _Off #fridaym\xe2\x80\xa6',b'Just watched Joker I have to say it was amazing Enjoyed every bit of it. Joaquin Phoenix was too good Did justic https://t.co/atM0tCKo9F',b'_Slut Good to hear But you should still talk to one person you trust the most whenever you feel like what yo https://t.co/nxhvAS6eHM',b'So cute goodnight hope you had a good day \xe2\x9d\xa4\xef\xb8\x8f',b'RT I get on the train and strategically pick the seat across from the adorable old lady She warns me in a perfect southern a\xe2\x80\xa6'
b'Don\xe2\x80\x99t worry and apologize beautiful Good afternoon beautiful Kay Hope your FF_myBigFamily Friday and week https://t.co/vRs2uMQD1U',"b""RT Want a limited edition #RaiseYourColors scarf RT for a chance to win and we'll pick five 5\xef\xb8\x8f winners of one scarf each.\xe2\x80\xa6""",b'RT Good God this is adorable https://t.co/YqLsr6ayKB',b'RT _plc What\xe2\x80\x99s the cost of #climatechange For 215 of the world\xe2\x80\x99s largest companies it\xe2\x80\x99s $1 trillion But there\xe2\x80\x99s good news:',b'tell me how good it feels to be needed',b'RT _A Some can be angels and others are chronic demons...Not all mothers are good https://t.co/W39p1P9xHq',b'RT I wish i was a girl who always took good selfies or naturally pretty so i could keep my profile pic updated but im one of\xe2\x80\xa6',b'RT i\xe2\x80\x99m in a relationship with someone who makes me laugh like crazy reassures me that i\xe2\x80\x99m loved even in hard situations always\xe2\x80\xa6',b'_Martial_9 Only good part is seeing San Marino get killed',b'RT _Trahan College kids retweet for good luck https://t.co/Uus2Q6oJtN'
b'RT I look forward to media editorials twisting this being good for Trudeau vs well https://t.co/w1h\xe2\x80\xa6',b'RT i\xe2\x80\x99m in a relationship with someone who makes me laugh like crazy reassures me that i\xe2\x80\x99m loved even in hard situations always\xe2\x80\xa6',b'RT _khabri_1 I will feel really bad if #DalljietKaur will be evicted because she left her show for #BiggBoss13 and she did #BB13 beca\xe2\x80\xa6',b'wow idk if anyone remembers but my header image used to be that anime expo exclusive trigger flyer with all the cha https://t.co/hvSs34jL0z',b'RT Good God this is adorable https://t.co/YqLsr6ayKB',b'RT _Trahan College kids retweet for good luck https://t.co/Uus2Q6oJtN',b'Apologies for how loud the gunfire is in the video for some reason my system decided LOUD IS GOOD which it is no https://t.co/bBqnOXa19e',b'good god',b'Also good to see that the Brexit Party made up about 50 of those in the chamber What are we paying for https://t.co/rANXcG04oA',b'RT We are all a fake friend to somebody I don\xe2\x80\x99t want to know how good of a person you are https://t.co/2cjh08wuaO'
b'Her good looks?',b'RT good_night_by_chen part two https://t.co/25Rc5tLsvv',b'RT ATTENTION CT! ITS GAME DAY Come support CT volleyball and watch them play for the league title grandview 5 Firs\xe2\x80\xa6',b'RT Good things are happening at China Trade Talk Meeting Warmer feelings than in recent past more like the Old Days I\xe2\x80\xa6',b'RT Good news in my 401K today Low gas prices Record low unemployment We\xe2\x80\x99re getting out of the Middle East Violent crime rat\xe2\x80\xa6',"b'RT my test for good faith bad faith actors in *every housing position is whether or not the last fallback position is ""\xe2\x80\xa6'",b'RT _twt Jungkooks hair looks so good.. Waiting for HD. \xf0\x9f\x98\x98\xf0\x9f\x98\x98\xf0\x9f\x98\x98\xf0\x9f\x98\x98 #JUNGKOOK',"b'RT Sopies.,.. are we good https://t.co/JIj0vhCHUS'",b'RT emoblackthot googling remedies for periods and then tweeting \xe2\x80\x9cdamn this chamomile tea is sooo good for my cramps \xf0\x9f\x98\xa9 https://t\xe2\x80\xa6',b'RT My children\xe2\x80\x99s book for girls is pink A lot of people said \xe2\x80\x98Why is it pink That\xe2\x80\x99s not good It shouldn\xe2\x80\x99t be pink\xe2\x80\x99. Many\xe2\x80\xa6'
b'RT \xe2\x80\x9cWe all want Kentuckians who are able to have a good &amp good paying job and how to get folks the supports and services the\xe2\x80\xa6',b'IM NOT FUCKING GOOD OH MY GOD https://t.co/ljplIFfz9e',b'_Sydney3 well you can be whatever you feel like Good luck!',b'Man I just had such a surreal experience I was thinking about the kind of stuff that ruins peoples lives and rea https://t.co/fozMxcZpeX',b'RT _ I\xe2\x80\x99m NOT letting NOBODY manipulate me into thinking I didn\xe2\x80\x99t do right by them I\xe2\x80\x99m a good person &amp can\xe2\x80\x99t NOBODY take that from me',b'Enjoy have a good one \xf0\x9f\x98\x83',"b""The only thing we didn't know was that it will be a non-title match Too bad for the obv https://t.co/dSSQPmaxcI""","b""i hope you've been making good work!""","b""So good I had to share Check out all the items I'm loving on #poshmark #fashion #style #shopmycloset https://t.co/YfV2hfKNMe""",b'Today has been a good day so far Some many L\xe2\x80\x99s today for racist trump.'
b'Oh my god https://t.co/QIB4auEA0n',b'RT IM FUCKING DYING AT THIS OH MY GOD https://t.co/CiEbkcKD13',b'RT _namjoon TAEHYUNG ON GOD? IS HE FREAKING KIDDING ME THIS SHOULDVE STAYED IN REHEARSAL https://t.co/Tt5hveGsTU',b'RT TAEHYUNG CARRYING JIMIN ON HIS BACK OH MY GOD https://t.co/pA6JJKfNiL',b'RT Trump is a living legend. Our president gave up his celebrity lifestyle to recognize the forgotten men and women of A\xe2\x80\xa6',b'RT _boi this ain\xe2\x80\x99t right smh . this ain\xe2\x80\x99t it bro. Dear God please protect them at all cost. this is sickening https://t.co\xe2\x80\xa6',b'RT SO SO HAPPY TO HEAR MOHSIN AND SHIVANGI WON FOR BEST ACTOR AND ACTRESS AND BEST JODI!!! GOD BLESS!! #GoldAwards2019\xe2\x80\xa6',b'RT In islam bowing is an act of submission that a Muslim only does to Allah We bow in our prayer and to god only So I guess th\xe2\x80\xa6',b'RT If you follow a self-anointed religious leader who tells you God says you have a moral obligation to support an immoral\xe2\x80\xa6',b'RT OH MY GOD SHUT UP SHUT UP SHUT UP STOP FLIRTING https://t.co/9ZuRWjUl5Q'
b'STOP LYING Is that all you people know how to do.?God not even my 3 yr old grandkids make up stuff as much as you do!!!!',b'RT ik they had to be talking to God himself',b'RT In islam bowing is an act of submission that a Muslim only does to Allah We bow in our prayer and to god only So I guess th\xe2\x80\xa6',b'RT In islam bowing is an act of submission that a Muslim only does to Allah We bow in our prayer and to god only So I guess th\xe2\x80\xa6',b'RT God gave me Blender so I could model robot lizzids https://t.co/5aBGSqwDKB',b'RT _plumley \xf0\x9f\x94\xa5ONE MAN \xf0\x9f\x94\xa5HE DIDN\xe2\x80\x99T HAVE TO DO IT \xf0\x9f\x94\xa5HE LOVES OUR NATION \xf0\x9f\x94\xa5AGAINST ALL ODDS \xf0\x9f\x94\xa5PATRIOTS RISE \xf0\x9f\x94\xa5PATRIOTS CHANGE THE COURSE\xe2\x80\xa6',b'RT _boi this ain\xe2\x80\x99t right smh . this ain\xe2\x80\x99t it bro. Dear God please protect them at all cost. this is sickening https://t.co\xe2\x80\xa6',"b""RT _ guys.. they didn't.. bow THAT MEANS ONLY ONE THING I MEAN MAYBE NOT SURE Muslims aren't allowed to bow to anyone. other\xe2\x80\xa6""",b'RT In islam bowing is an act of submission that a Muslim only does to Allah We bow in our prayer and to god only So I guess th\xe2\x80\xa6',b'This whole god damn town is fudged!'
b'RT drink water eat good have nasty sex mind ya business',b'What a good night \xf0\x9f\xa5\xba\xf0\x9f\x92\x9e\xf0\x9f\x92\x97',"b'RT My students often ask me what skills will help them in a job setting Sometimes I tell them ""get really good at spreadsheet\xe2\x80\xa6'",b'Good mornight.',b'Good idea Do Petes too \xf0\x9f\x98\x82',"b'RT _ what a stressful ass week i just want cuddles ,comfort food and a few good movies yoh'",b'RT _Trahan College kids retweet for good luck https://t.co/Uus2Q6oJtN',b'Good!',b'wow so much good stuff here thanks!',"b'RT Hola the unroll you asked for Thread by ""1 So \xe2\x80\x99s two Ukraine helpers were a\xe2\x80\xa6'"
b'Good for them https://t.co/CWsz3vgp7y',b'_Good Whats the rush Other than getting folks excited and dividing https://t.co/jVS7l0wNUB',b'Good idea!',"b""RT UKZN candidates passed the final surgery exam cause of the program here I'm currently in surgery and it's seminars and te\xe2\x80\xa6""",b'Good Evening Annitah Kikuyu town Tuned Enjoying the Show #TheSizzleOnHot',b'_rights A very big question. But the people can help him win that if they know it is for Good',b'RT Good morning to _Styles and Harry Styles only #LightsUp https://t.co/9YsTQs01cK',b'#DUDAY in du time my good people',b'RT Me after taking a million selfies and not one looks good https://t.co/2Ngrf2Upm5',b'RT I wish i was a girl who always took good selfies or naturally pretty so i could keep my profile pic updated but im one of\xe2\x80\xa6'
b'_JAGs Congratulations wish you good outing and prosperous tenure',b'RT _Trahan College kids retweet for good luck https://t.co/Uus2Q6oJtN',b'RT @_hhhailee Let me gon rt this for good luck https://t.co/BgZnTPT1hv',b'Well that depends If his job is the chief law enforcement officer of the United States not so much If it\xe2\x80\x99s https://t.co/1yVez3KO5K',"b""RT White Feminism is when they think they know whats best They're like the slave master wife they have limited freedom b\xe2\x80\xa6""",b'_twt seokjin you looks extra good tonight you did well too goodnight',b'The spoopy season is upon us \xf0\x9f\x8e\x83 Give Tori some Halloween costume recomendations please If I see a good one I may https://t.co/tQw30nbYQv',b'RT _Comics #121 Coming Out Any day is a good day #ComingOutDay https://t.co/56DirQ4ZDP https://t.co/liTZ6mwILg',b'not good https://t.co/tHZLKTCg6r',b'RT looking good as always #SUGA #Yoongi #\xec\x8a\x88 #\xec\x9c\xa4 #\xeb\xaf\xbc\xec\x9c\xa4 #\xeb\xb0\xa9\xed\x83\x84\xec\x86\x8c\xeb\x85\x84 #BTS _twt https://t.co/sS7OkwHmU1'
b'RT The \xe2\x80\x9call the good girls go to hell merch collection is available now in Billie\xe2\x80\x99s official store https://t.co/DfS5chOLZ5\xe2\x80\xa6',b'This is the saddest news I\xe2\x80\x99ve heard all week The only two consistent things the Browns have brought me over the pa https://t.co/TqFmObgaGn',b'RT Almost everyone with pogba Martial and rashford on their profile hate Jose mourinho so much \xf0\x9f\x98\x82\xf0\x9f\x98\x82and the reason is not far fe\xe2\x80\xa6',b'RT looking good as always #SUGA #Yoongi #\xec\x8a\x88 #\xec\x9c\xa4 #\xeb\xaf\xbc\xec\x9c\xa4 #\xeb\xb0\xa9\xed\x83\x84\xec\x86\x8c\xeb\x85\x84 #BTS _twt https://t.co/sS7OkwHmU1',b'RT _ \xf0\x9f\xa6\x89Owl Athlete Spotlight \xf0\x9f\xa6\x89 De\xe2\x80\x99jon Fort @_DayFort Free Safety/Rover 6\xe2\x80\x990 190lbs High IQ 5 Career INTS (1TD) Go\xe2\x80\xa6',b'RT #BTSRiyadh #BTSinRiyadh #BTSinSaudiArabia Two type of people Those who Those who are Never abide\xe2\x80\xa6',"b'This is why democrats will lose why the fuck is a 9 year old having a sex change bruh Buddy can\xe2\x80\x99t fucking drive, https://t.co/oOCSHVLlrn'",b'RT You know I\xe2\x80\x99m in a good mood tonight Yeah sure that\xe2\x80\x99s Booster Gold Why not That\xe2\x80\x99s canon now https://t.co/PFHfA4HJ74',b'Congratulations to our winners of the week Some new faces this week Keep up the good work! https://t.co/z5FwKg9MeY',"b'RT ""The Weekend A Short Poem Good Evening Everyone Except the Unwashed Left Bercow is a Traitor Of Morals he is Beref\xe2\x80\xa6'"
"b""I'm a good girl and i will pass this shit on my own""",b'The lady who played Nai Nai was a first time actress She was so good.',b'RT _archives he looks so damn good I missed him https://t.co/5pCQjTKgSu',"b""#Despite former friend fall out I'll turn this opportunity to a positive A new life elsewhere is good Clever mo https://t.co/u8xelGts7k""","b""RT From The #Patriots likely dodged a bullet with WR Josh Gordon's knee injury while #Falcons WR Julio Jones (hip retur\xe2\x80\xa6""",b'RT His hair looks so messy like he just got a good *** _twt #BTSinSaudiArabia https://t.co/UDrGaqsQ9L',b'RT _Trahan College kids retweet for good luck https://t.co/Uus2Q6oJtN',b'RT Some of y\xe2\x80\x99all don\xe2\x80\x99t deserve a good girl Y\xe2\x80\x99all be taking advantage of that shit',b'Good luck with the kidney fundraising',b'THANK YOU VERY MUCH FOR FANDOM ITS SO GOOD ITS MY FAV THANK YOU FOR EXISTING BLESS YOU #FANDOM'
"b""I'm a good girl and i will pass this shit on my own""",b'The lady who played Nai Nai was a first time actress She was so good.',b'RT _archives he looks so damn good I missed him https://t.co/5pCQjTKgSu',"b""#Despite former friend fall out I'll turn this opportunity to a positive A new life elsewhere is good Clever mo https://t.co/u8xelGts7k""","b""RT From The #Patriots likely dodged a bullet with WR Josh Gordon's knee injury while #Falcons WR Julio Jones (hip retur\xe2\x80\xa6""",b'RT His hair looks so messy like he just got a good *** _twt #BTSinSaudiArabia https://t.co/UDrGaqsQ9L',b'RT _Trahan College kids retweet for good luck https://t.co/Uus2Q6oJtN',b'RT Some of y\xe2\x80\x99all don\xe2\x80\x99t deserve a good girl Y\xe2\x80\x99all be taking advantage of that shit',b'Good luck with the kidney fundraising',b'THANK YOU VERY MUCH FOR FANDOM ITS SO GOOD ITS MY FAV THANK YOU FOR EXISTING BLESS YOU #FANDOM'
b'SO GOOD!! Yay Pam Everyone read this!\xf0\x9f\xa7\xbf\xf0\x9f\x94\xae https://t.co/a0rysI0sr5',b'_twt Ahhh you guys did so good!!!',b'_twt U DID SO GREAT I LOVE YOUU TAEK GOOD REST!!!',b'Today was such a good day \xe2\x98\xba\xef\xb8\x8f',"b""_Tats I mean they're not a total reinvention of underwea https://t.co/7T9BoJi6xd""",b'RT @___jkitty Feels good to be in a relationship where you\xe2\x80\x99re not overplaying your part and everything feels mutual \xf0\x9f\x92\x99',b'RT _Trahan College kids retweet for good luck https://t.co/Uus2Q6oJtN',b'I\xe2\x80\x99m not on anyone\xe2\x80\x99s top friend list on here I\xe2\x80\x99m good with that ;)',b'RT _axelrod Protect those who fought ISIS bad Protect those responsible for 9/11 good. #TrumpLogic https://t.co/fTBX26cLMG',b'I\xe2\x80\x99m not Christian but I really love gospel music So peaceful and makes me feel good.'
b'Thank you You as well You gave me a good laugh to start i https://t.co/MqoMiBis4L',"b""RT _9 TXT is currently receaving alot of attention in korea!! Comments made by knetizens are talking positively about TXT's u\xe2\x80\xa6""",b'RT _archives he looks so damn good I missed him https://t.co/5pCQjTKgSu',b'He sounded so good but what the heck Tae \xf0\x9f\xa4\xa3',b'You are a good example of how to be responsible on social media #respect',b'Can I get \xe2\x80\x9cwhat the fucks a good day for $500 Alex',"b""He's like The Monster at the End of This Book It was good ol loveable cuddly Grover all along :)""",b'_twt PLS PLS PLS TAKE A GOOD REST YOU DID SO WELL TODAY I LOVE YOU SO MUCH \xf0\x9f\x98\xad\xf0\x9f\x98\xad\xf0\x9f\x98\xad\xf0\x9f\x92\x9c\xf0\x9f\x92\x9c\xf0\x9f\x92\x9c',b'RT Federal Judge just ruled Trump cannot use Emergency Funds to build \xe2\x80\x9cThe Wall\xe2\x80\x9d. This day keeps getting better and better\xe2\x80\xa6',b'RT In the Middle East there are no good guys but there was always the Kurds. #Syrian #KurdsBetrayed https://t.co/cq04woVKnI'
b'RT One Hindu Vishnu Yadav is killed &amp 3 injured including a commando of the Rapid Action Force in a attack by Peaceful in Jahana\xe2\x80\xa6',b'RT This is a real photo Indian students welcome Chinese Chairman Xi Jinping visit to India by wearing a mask of his face.\xe2\x80\xa6',b'Something for Modi to eat??',b'RT Tamil Nadu Prime Minister Narendra Modi &amp Chinese President Xi Jinping leave after attending a cultural program at the Shore Temp\xe2\x80\xa6',"b""RT _thatte Ask her what she thinks about Kashmir &amp Kashmiris she'll forget all her problems and start shouting Jai Hind Modi Papa\xe2\x80\xa6""",b'Modi fears tamilians so much that he never travels via road in Tamil Nadu Chinese premier travell https://t.co/gNoOWXJo6B',b'RT Mandir mein lamb chicken mutton Tauba tauba Hindu sanskriti khatre mein hain From Modi ji PS Imagine the outrage if\xe2\x80\xa6',b'RT Those who think PM Modi is a leader just for North India must see his popularity in Tamilnadu A national leader Modi\xe2\x80\xa6',b'People trending save kavin anna are trending go back modi Nalla ethirkalam for TN',b'Modi fears tamilians so much that he never travels via road in Tamil Nadu Chinese premier travelled by r https://t.co/ukXDQLIDHe'
b'RT They used to blame Pakistan for militancy in #Kashmir now have started blaming Pakistan for #GoBackModi trend on Twitter whe\xe2\x80\xa6',"b""India's Christians face higher persecution since Modi government https://t.co/y9umkiurl9""",b'RT Uttar Pradesh Muslim Women In Muzaffarnagar Begin Building Temple For Pm Modi Thank Him Changing Their Lives Great new\xe2\x80\xa6',"b'RT _Guha ""Whatever distance and immunity Narendra Modi secured [internationally from the 2002 Gujarat riots after becoming prime m\xe2\x80\xa6'",b'A decisive mandate for the ruling party is apparent in lieu the wonderful work done by CM Shri Devendr https://t.co/shsGIU1N83',b'RT Few mportant things to note here: 1 Smt asks the man to meet her with his delegation and put forward his\xe2\x80\xa6',b'RT Six Dalit &amp OBC students have been expelled by a central university in Maharashtra after they held protests against the admin\xe2\x80\xa6',b'RT Uttar Pradesh Muslim Women In Muzaffarnagar Begin Building Temple For Pm Modi Thank Him Changing Their Lives Great new\xe2\x80\xa6',b'RT _bear No of International visits by MMS in UPA1 35 No of International visits by MMS in UPA2 38 No of International visits b\xe2\x80\xa6',b'RT They used to blame Pakistan for militancy in #Kashmir now have started blaming Pakistan for #GoBackModi trend on Twitter whe\xe2\x80\xa6',"b""RT Fadnavis growing stature in BJP stamped by Amit Shah. Fadnavis has used Modi's Gujrat model and play book to destroy\xe2\x80\xa6""",b'RT _BANA Modi Ji chose a heritage site down South that is famous for centuries old Hindu Temples to meet Xi and show the heritage and c\xe2\x80\xa6',b'RT Xi I have put 1 million Muslims in detention centers in Xinjiang. Modi I have put 8 million Muslims in detention centers\xe2\x80\xa6',"b'RT Yawn Modi and his ""last last card"" been more than two months now please come up with new terminologies at least https:\xe2\x80\xa6'",b'RT If anyone thinks Modi Ji is in Tamil Nadu to host President Xi Jinping then you are just a Headline reader He is actually\xe2\x80\xa6',"b'RT _aw_ruman #ModiMadeMandi ""Modi jaaha mandi waha say Bye to modi then only mandi will go #GoBackModi https://t.co/wiMkdfL8bk'",b'RT Have lived my entire early life almost 25 yrs in Chennai without seeing this \xf0\x9f\x98\xa2\xf0\x9f\x98\xa2 Modi hai to mumkeen hai https://t.co/7\xe2\x80\xa6',b'RT _d_h_nair Few days ago Shashi Tharoor raised the same weird argument Does it mean people should wait till Modi\xe2\x80\x99s tenure in PMO to\xe2\x80\xa6',b'RT Those who think PM Modi is a leader just for North India must see his popularity in Tamilnadu A national leader Modi\xe2\x80\xa6',b'RT 6 university students in India wrote a letter to Modi about lynchings then they were expelled. Fascism is consuming Ind\xe2\x80\xa6'
"b""RT PM is greatest ever brand ambassador of India's rich culture and heritage. I've never seen any politician\xe2\x80\xa6""",b'RT Xi I have put 1 million Muslims in detention centers in Xinjiang. Modi I have put 8 million Muslims in detention centers\xe2\x80\xa6',b'RT While Ji has exhibited next level of diplomacy showcasing the grandness of Indian cultural. Anti Modi brigade\xe2\x80\xa6',b'Modi makes a show of everything Photo OP Lol Xi is more mature thatway',b'RT Xi I have put 1 million Muslims in detention centers in Xinjiang. Modi I have put 8 million Muslims in detention centers\xe2\x80\xa6',"b""RT In Modi's India, SBI writes off loans worth \xe2\x82\xb976,600 crore of 220 defaulters an average of \xe2\x82\xb9350 crore per head\xf0\x9f\x98\xb2\xe2\x80\xa6""",b'RT _news #NarendraModi played his last card on #Kashmir says #ImranKhan But he is also \xe2\x80\x98puzzled by international media\xe2\x80\x99s lack of c\xe2\x80\xa6',b'RT Xi I have put 1 million Muslims in detention centers in Xinjiang. Modi I have put 8 million Muslims in detention centers\xe2\x80\xa6',b'RT #JustIn Chinese President Xi Jinping lands in Chennai for second round of informal summit in #Mamallapuram with Prime Mi\xe2\x80\xa6',b'RT #GoBackModi must be trend worldwide. Modi has locked 8 million Kashmiris in their own land Modi must be opposed anywhere in\xe2\x80\xa6',"b""RT _169 Pakistani handle's In fact when ever Modi Speaks in Hindi Pakistani's understands more t\xe2\x80\xa6""",b'RT Xi I have put 1 million Muslims in detention centers in Xinjiang. Modi I have put 8 million Muslims in detention centers\xe2\x80\xa6',b'RT Sources Prime Minister Narendra Modi &amp Chinese President Xi Jinping\xe2\x80\x99s dinner began at approximately 19:00 hrs today in Mahabalipu\xe2\x80\xa6',"b""RT _rathee It's so easy to fool Right Wingers in India that I was thinking of doing a social experiment Tell my girlfriend to co\xe2\x80\xa6""",b'Xi Jinping leaves for India for 2nd informal summit with PM Modi https://t.co/ziALBk7OQ3',b'RT The culturally and historically rich seaside town of Mamallapuram in Tamil Nadu is all set to welcome PM ji\xe2\x80\xa6',"b""RT _jaiswal Modi's contribution to india: \xe2\x9c\x94\xef\xb8\x8fHighest unemployment rate \xe2\x9c\x94\xef\xb8\x8fFall in sale of automobile \xe2\x9c\x94\xef\xb8\x8fMoney spent on education is hal\xe2\x80\xa6""",b'RT School welcomes Xi Jinping to India by having its students spell out his name and wear Xi masks https://t.co/Kmo89mKHIO ht\xe2\x80\xa6',b'_Nor How triggered you are by Modi is hilarious He has won the 2 largest el https://t.co/YePP08uZuq',"b""RT In Modi's India, SBI writes off loans worth \xe2\x82\xb976,600 crore of 220 defaulters an average of \xe2\x82\xb9350 crore per head\xf0\x9f\x98\xb2\xe2\x80\xa6"""
b'RT #Tolerant or #Fascist People can decide https://t.co/J4qu4cItTU',b'RT Mandir mein lamb chicken mutton Tauba tauba Hindu sanskriti khatre mein hain From Modi ji PS Imagine the outrage if\xe2\x80\xa6',"b""RT always appreciative of the people from tamil nadu and kerala simply because of how they treat modi that's how a fascis\xe2\x80\xa6""",b'RT Xi I have put 1 million Muslims in detention centers in Xinjiang. Modi I have put 8 million Muslims in detention centers\xe2\x80\xa6',"b""'s account has been withheld in India in response to a legal demand Learn more.""",b'_Modi _app Thank you prashant I hope hears the cries of our dead karyakartas',b'RT _saiganesh PM Modi has become the brand ambassador of Tamil language and culture in the global arena Spoke Tamil proverb in UN!\xe2\x80\xa6',b'RT Anna Modi Wearing Vesthi Real Indian VS Wearing Vesthi Fake INDIAN \xf0\x9f\xa4\xa3\xf0\x9f\xa4\xa3 https://t.co/jzEHgzatV8',"b""RT I was praying all the way that Modi Ji's 'mundu (dhoti wouldn't fall off his waist as he is not used to wearing mundu li\xe2\x80\xa6""",b'RT _saiganesh Prime Minister in Veshti How many times before we have seen a Prime Minister preferring to wear Veshti and\xe2\x80\xa6',b'Amazing talk of combating terrorism with a commie That takes some genius Modi must be playing some amazing 12 https://t.co/4lnDBcxSyQ',b'RT PM Modi Xi hold two-and-half-hour-long conversation over dinner resolve to expand ties Officials on both sides said t\xe2\x80\xa6',b'RT #gobackmirjafars I called ministry of I&amp;B by noon Asked them why are they watching the Go back Modi trend the reply\xe2\x80\xa6',"b""RT #TNWelcomesModi Centre's fund to TN During UPA Rs 80000 crores During Modisarkar Rs 1,81,000 crores Abd these brai\xe2\x80\xa6""",b'RT A woman customer of PMC Bank pleading for getting back her locked money from cutouts PM Modi and Amit Shah at BJP offi\xe2\x80\xa6',"b""RT This woman is a Modi Voter She lost her money in PMC Bank scam Now she is crying and begging in front of Modi's cut out in\xe2\x80\xa6""",b'RT _saiganesh Many came to know about Mahabalipuram only after PM Modi hosted Sino-India meet here This talks a lot on how previous ce\xe2\x80\xa6',b'Lol ching chung After Xi visit Modi wants to include Chinese in CBSE across India',b'RT Difference between Modi gang and Rahul Gandhi ...',b'RT I am watching Modi-Jinping in Mahabalipuram on Youtube Taminadu is staunch Hindu Tamil means Hindu Hindu means Tamil An\xe2\x80\xa6'
b'RT https://t.co/hYD6DqgpdS War has begun _mujaid \xe2\x80\xa6',b'RT #KashmirChained for the past 68 days &amp UN still ignores intransigence of fascist Modi PAK observes another Friday of s\xe2\x80\xa6',b'RT _d_h_nair Narendra Modi as PM of India is incapable of leading the country forward In his tenure of nearly six years India had deve\xe2\x80\xa6',"b""RT In Modi's India, SBI writes off loans worth \xe2\x82\xb976,600 crore of 220 defaulters an average of \xe2\x82\xb9350 crore per head\xf0\x9f\x98\xb2\xe2\x80\xa6""",b'RT Worse than Emergency will this continue forever Or should we go Hong Kong way ? Top news Congress condemns Fa\xe2\x80\xa6',b'RT Stop abusing here trolls. If you guys abuse two more tweets against BJP for each abuse You will be the reason For\xe2\x80\xa6',b'RT Anna Modi Wearing Vesthi Real Indian VS Wearing Vesthi Fake INDIAN \xf0\x9f\xa4\xa3\xf0\x9f\xa4\xa3 https://t.co/jzEHgzatV8',b'RT Modi in Veshti He gives recognition to a Tamil Nadu monument to Global stage. Whatta gesture Now what do the cheap ha\xe2\x80\xa6',"b""'s account has been withheld in India in response to a legal demand Learn more.""",b'RT Mamallapuram A Grand Living Museum Of Architecture And Sculpture As Modi meets Xi in Mamallapuram here is what this p\xe2\x80\xa6',b'RT Tamil Nadu welcoming Xi but not Modi is the funniest thing I have seen on Twitter \xf0\x9f\x98\x82\xf0\x9f\x98\x82 #\xe6\xb3\xb0\xe7\xb1\xb3\xe5\xb0\x94\xe7\xba\xb3\xe5\xbe\xb7\xe9\x82\xa6\xe6\xac\xa2\xe8\xbf\x8e\xe4\xb9\xa0\xe8\xbf\x91\xe5\xb9\xb3 #TN_welcomes_XiJinping\xe2\x80\xa6',b'RT TIMES NOW exposes \xe2\x80\x98go back Modi trolls a plot &amp an attempt to smear Modi-Xi meet Even a Congress \xe2\x80\x98hand surfaces in the pl\xe2\x80\xa6',"b""RT In Modi's India, SBI writes off loans worth \xe2\x82\xb976,600 crore of 220 defaulters an average of \xe2\x82\xb9350 crore per head\xf0\x9f\x98\xb2\xe2\x80\xa6""","b""RT The first Premier of the People's Republic of China Zhou Enlai arrived in #Mahabalipuram in 1956 Visiting the Shore T\xe2\x80\xa6""",b'RT Anna Modi Wearing Vesthi Real Indian VS Wearing Vesthi Fake INDIAN \xf0\x9f\xa4\xa3\xf0\x9f\xa4\xa3 https://t.co/jzEHgzatV8',b'Modi ji has encyclopedic memory of name places events etc. No odinary person can beat him i https://t.co/NF3xVaYSbf',b'RT Dude you are an idiot What difference will it make to China if Modi wears veshti or langoti They mean business are a mu\xe2\x80\xa6',b'RT #56INCH yeh hai #ModiHaiTohMumkinHai Govt world\xe2\x80\x99s 3rd most trusted after Switzerland Indonesia World Ec\xe2\x80\xa6',b'RT Modi doesn\xe2\x80\x99t let his eye off domestic politics Invoking Tamil poet in UN summit venue in TN comes out in a veshti coconut\xe2\x80\xa6',b'U better shut up Laity Just look at the way we have welcome President Xi today like a friend while u p https://t.co/xZqreVH6jI'
b'Sorry sir delhi me modi di na ayege or na hi aye to acha h I m not supporter of aap or a https://t.co/6WDqY3BhT3',b'RT Anna Modi Wearing Vesthi Real Indian VS Wearing Vesthi Fake INDIAN \xf0\x9f\xa4\xa3\xf0\x9f\xa4\xa3 https://t.co/jzEHgzatV8',"b""RT _rathee It's so easy to fool Right Wingers in India that I was thinking of doing a social experiment Tell my girlfriend to co\xe2\x80\xa6""",b'RT A befitting reply to Modi and shah by an Indian citizen who believe in democracy _krishnan #GoBa\xe2\x80\xa6',b'I RATHER SUPREME COURT MADRAS HIGH COURT GROW A PAIR INSTEAD OF SUCKING TERRORISTS DICKS\xf0\x9f\x92\xa9\xf0\x9f\x98\xb1DO PUBLIC DI https://t.co/mnyphiOcxe',b'RT Xi I have put 1 million Muslims in detention centers in Xinjiang. Modi I have put 8 million Muslims in detention centers\xe2\x80\xa6',"b""RT Liberal's Myth Modi hates South India. Today PM Ji has debunked the lies of liberal by showcasing south Ind\xe2\x80\xa6""","b'RT PM Modi has given a befitting reply to ""so-called Hindi Imposition narrative by wearing traditional dress of South Indian Aft\xe2\x80\xa6'",b'RT Modi ji has encyclopedic memory of name places events etc. No odinary person can beat him in his capaci\xe2\x80\xa6',b'_19 _buddha Why do you go out of topic?b/w I am not bhakt \xf0\x9f\x98\x82 just because u h https://t.co/GNGiSeZwQY',b'RT A befitting reply to Modi and shah by an Indian citizen who believe in democracy _krishnan #GoBa\xe2\x80\xa6',b'RT Almost like how Ji pulled Mark Zuckerberg who happened to be blocking Mr Modi\xe2\x80\x99s l\xe2\x80\xa6',b'Xi I have put 1 million Muslims in detention centers in Xinjiang. Modi I have put 8 million Muslims in detentio https://t.co/4RAqyk3KfL',b'RT Last 36 debates on by Attacking Pakistan 18 Attacking Opposition 9 Praising Modi &amp Shah 3\xe2\x80\xa6',b'RT It\xe2\x80\x99s become par for course for #GoBackModi to trend on Twitter every time the Prime Minister is anywhere near Tamil Nadu. \xe2\x80\xa6',b'RT Xi I have put 1 million Muslims in detention centers in Xinjiang. Modi I have put 8 million Muslims in detention centers\xe2\x80\xa6',"b""'s account has been withheld in India in response to a legal demand Learn more.""","b""RT Let's not forget Mr Modi is elected by the people of India We should have respect for the chair especially when an impor\xe2\x80\xa6""",b'RT They used to blame Pakistan for militancy in #Kashmir now have started blaming Pakistan for #GoBackModi trend on Twitter whe\xe2\x80\xa6',"b""RT Xi zinping Mr.Modi teach me some Hindi words. Modi really that's great. Xi zinping What you call reliable in Hindi?\xe2\x80\xa6"""
b'2 hours 45 minutes was such a long time for dinner I think PM Narendra Modi and President of China XI Jinping has https://t.co/JH8d85IJFZ',"b'RT Yawn Modi and his ""last last card"" been more than two months now please come up with new terminologies at least https:\xe2\x80\xa6'",b'_1978 https://t.co/0USKof1WbH',b'RT #TNWelcomesModi Modi Ji in Vesti Traditional Tamil Dress is tight slap on those Who shouting Go back\xe2\x80\xa6',"b""RT In any other democracy if folks prevented from withdrawing their own money they'd be angry at politicians and not impl\xe2\x80\xa6""",b'RT _lord Xi Jinping is stepping very delicately into the Kashmir crisis CNN https://t.co/gvzrxTPKIb',b'RT We should be thankful to Narendra Modi for his contribution in internationalizing Kashmir issue. #IndianWarCrime https://t\xe2\x80\xa6',b'RT What Modi has done with Kashmir he has played his final card He thinks caging Kashmiris like animals would keep them fr\xe2\x80\xa6',"b""RT _theindian While PM keeps us busy with his 'Hindu-Muslim &amp 'Anti-Pakistan narrative China has built a massive military complex at\xe2\x80\xa6""",b'_buddha You mean to say that modi provoked Muslims to burn train https://t.co/CUECXj2r1l',b'_Krishna Bhakts muat be feeling prpud today. 1st &amp 2nd Son of Modi TOPS Forbes list. #proudmoment https://t.co/DWR9dwt7qD',"b""Modi government's policies are resulting in massive jobless growth More than 3.5 lakh jobs have been lost in the a https://t.co/EiS5wzv0qA""",b'RT They used to blame Pakistan for militancy in #Kashmir now have started blaming Pakistan for #GoBackModi trend on Twitter whe\xe2\x80\xa6',"b""RT #India's historic town Mamallapuram will attract the world\xe2\x80\x99s attention as Chinese President Xi Jinping and Indian PM N\xe2\x80\xa6""","b'RT ""Erdogan slammed India for its military action in Kashmir India slammed Turkey for its military action in Syria. If you y\xe2\x80\xa6'",b'RT Xi I have put 1 million Muslims in detention centers in Xinjiang. Modi I have put 8 million Muslims in detention centers\xe2\x80\xa6',b'RT #gobackmirjafars I called ministry of I&amp;B by noon Asked them why are they watching the Go back Modi trend the reply\xe2\x80\xa6',"b""RT Muslims must understand the Modi's agenda which is Hindu state Genocide of muslims in IOK under the curfew is all pla\xe2\x80\xa6""",b'RT So many prominent celebs are urging to invoke #PresidentsRule in WB after series of non stop killings and\xe2\x80\xa6',b'RT \xe2\x80\x98Go back Modi trolls have been exposed Even a Congress \xe2\x80\x98hand has been found in the plot trying to smear Modi-Xi meet TI\xe2\x80\xa6'
b'2 hours 45 minutes was such a long time for dinner I think PM Narendra Modi and President of China XI Jinping has https://t.co/JH8d85IJFZ',"b'RT Yawn Modi and his ""last last card"" been more than two months now please come up with new terminologies at least https:\xe2\x80\xa6'",b'_1978 https://t.co/0USKof1WbH',b'RT #TNWelcomesModi Modi Ji in Vesti Traditional Tamil Dress is tight slap on those Who shouting Go back\xe2\x80\xa6',"b""RT In any other democracy if folks prevented from withdrawing their own money they'd be angry at politicians and not impl\xe2\x80\xa6""",b'RT _lord Xi Jinping is stepping very delicately into the Kashmir crisis CNN https://t.co/gvzrxTPKIb',b'RT We should be thankful to Narendra Modi for his contribution in internationalizing Kashmir issue. #IndianWarCrime https://t\xe2\x80\xa6',b'RT What Modi has done with Kashmir he has played his final card He thinks caging Kashmiris like animals would keep them fr\xe2\x80\xa6',"b""RT _theindian While PM keeps us busy with his 'Hindu-Muslim &amp 'Anti-Pakistan narrative China has built a massive military complex at\xe2\x80\xa6""",b'_buddha You mean to say that modi provoked Muslims to burn train https://t.co/CUECXj2r1l',b'_Krishna Bhakts muat be feeling prpud today. 1st &amp 2nd Son of Modi TOPS Forbes list. #proudmoment https://t.co/DWR9dwt7qD',"b""Modi government's policies are resulting in massive jobless growth More than 3.5 lakh jobs have been lost in the a https://t.co/EiS5wzv0qA""",b'RT They used to blame Pakistan for militancy in #Kashmir now have started blaming Pakistan for #GoBackModi trend on Twitter whe\xe2\x80\xa6',"b""RT #India's historic town Mamallapuram will attract the world\xe2\x80\x99s attention as Chinese President Xi Jinping and Indian PM N\xe2\x80\xa6""","b'RT ""Erdogan slammed India for its military action in Kashmir India slammed Turkey for its military action in Syria. If you y\xe2\x80\xa6'",b'RT Xi I have put 1 million Muslims in detention centers in Xinjiang. Modi I have put 8 million Muslims in detention centers\xe2\x80\xa6',b'RT #gobackmirjafars I called ministry of I&amp;B by noon Asked them why are they watching the Go back Modi trend the reply\xe2\x80\xa6',"b""RT Muslims must understand the Modi's agenda which is Hindu state Genocide of muslims in IOK under the curfew is all pla\xe2\x80\xa6""",b'RT So many prominent celebs are urging to invoke #PresidentsRule in WB after series of non stop killings and\xe2\x80\xa6',b'RT \xe2\x80\x98Go back Modi trolls have been exposed Even a Congress \xe2\x80\x98hand has been found in the plot trying to smear Modi-Xi meet TI\xe2\x80\xa6'
b'RT _bear No of International visits by MMS in UPA1 35 No of International visits by MMS in UPA2 38 No of International visits b\xe2\x80\xa6',b'RT #Modi came up with a new way to conduct Polls in #Kashmir \xe2\x80\x9cIf you want Mobile phone then sign a document that says that yo\xe2\x80\xa6',b'RT If Modi ji had chosen Kerala this could have been the outcome for Xi #ModiXiSummit https://t.co/1hGV2Hhrvp',"b'_buddha Congress govt to punish him,if you fully trust media trp https://t.co/LYLto1z4gE'","b'RT ""Show Your 56-Inch Chest"" Kapil Sibal Tweets As PM Meets Xi Jinping NDTV https://t.co/1Yh7M0eCXL'","b""RT A Chinese woman's appeal to Modi Xi to help find her lost Indian brother https://t.co/6U0mzlOgMU""",b'RT _kpm This is what we got today in chennai because of #modi \xf0\x9f\x98\x96 #GoBackModi https://t.co/YnqZYzJHcq',b'RT #PakHomeAlone 9 handshakes between PM Modi and Chinese President Xi Jingping Is Pak in panic that its all weather friend ha\xe2\x80\xa6',b'RT Modi meets Xi today &amp his media paints the picture that they are equals India might match China in population but to match\xe2\x80\xa6',"b""RT How PM \xe2\x81\xa6 showcases 'Incredible India to foreign leaders https://t.co/OoRNQs9XQl via NaMo App https://t.co/a\xe2\x80\xa6""","b""_theindian You Do Know They Will Be at Fisherman's Cove Right?! Do you Know What's Their Menu?! #PEDOGATE https://t.co/SdEK9e4MIU""",b'RT 6 university students in India who wrote a letter to Modi about lynchings were expelled. Students in New India (including sc\xe2\x80\xa6',b'_buddha Yeah seems like a bhakt Just like modi speaking pata https://t.co/GCx64jFj0M',b'Modi Xi chat without aides for two-and-a-half hours (Roundup) Mahabalipuram Oct 12 (IANS The one-o... https://t.co/trB3Glz4vl',b'Our two big neighbors meet up with Xi and Modi in Delhi Indian students welcome Xi by spelling out his name.They\xe2\x80\x99r https://t.co/nXc4rUqZQQ',b'RT It\xe2\x80\x99s become par for course for #GoBackModi to trend on Twitter every time the Prime Minister is anywhere near Tamil Nadu. \xe2\x80\xa6',b'RT _saiganesh Prime Minister in Veshti How many times before we have seen a Prime Minister preferring to wear Veshti and\xe2\x80\xa6',b'RT \xe2\x80\x98We Do Not Welcome China\xe2\x80\x99s Comments On Kashmir\xe2\x80\x99 India Talks Tough Ahead Of Upcoming Modi-Xi Summit https://t.co/5JeJzSg\xe2\x80\xa6',"b""RT #NewsAlert Pak propaganda cell caught fueling spurious 'Go Back Modi trend on Twitter Pakistan spooked by Modi-Xi bonhom\xe2\x80\xa6""",b'RT Modi doesn\xe2\x80\x99t get to wipe his bloody hands with the tablecloth of the office of PM #GoBackModi is appropriate;\xe2\x80\xa6',"b""RT This woman is a Modi Voter She lost her money in PMC Bank scam Now she is crying and begging in front of Modi's cut out in\xe2\x80\xa6""",b'_wa He was just questioned not arrested .If Modi were a da https://t.co/E1lzVUJj10',b'RT _169 Tamil Nadu is the only state in India where a Chinese President #XiJingping can travel through common roadways without fear\xe2\x80\xa6',b'RT Modi in Veshti He gives recognition to a Tamil Nadu monument to Global stage. Whatta gesture Now what do the cheap ha\xe2\x80\xa6',b'RT 67 days of clampdown in Kashmir. Each and every sane minded person must oppose Modi and his ilk Kashmiris have right to se\xe2\x80\xa6',b'RT _saiganesh PM Modi has become the brand ambassador of Tamil language and culture in the global arena Spoke Tamil proverb in UN!\xe2\x80\xa6',b'RT High on optics will the Xi Modi meeting have any concrete outcomes Analyst say there\xe2\x80\x99s too much bad blood after China\xe2\x80\x99\xe2\x80\xa6',"b""'s account has been withheld in India in response to a legal demand Learn more.""",b'Yes modi should ask Xi to vacate the poker land and also aksai chin gifted by Nehru.. any thing else https://t.co/EYXKlFKmwe',b'RT __girl It can never be its just indians need to understand what modi is doing to there country and we are co\xe2\x80\xa6',b'RT _saiganesh Still few in Tamil media are spreading fake news of China choosing Mahabalipuram for summit even after Times of India had\xe2\x80\xa6',"b'RT No surprise \xf0\x9f\x91\x87 All 6 students expelled from a central university in Maharashtra after event to write protest letters to Modi,\xe2\x80\xa6'",b'RT _d_h_nair Narendra Modi as PM of India is incapable of leading the country forward In his tenure of nearly six years India had deve\xe2\x80\xa6',b'It can never be its just indians need to understand what modi is doing to there country and https://t.co/im5Bq6rN2e',b'RT _thinker Home minister Amit Shah recently claimed PM Modi travelled abroad less than former PM Manmohan Singh in five years How t\xe2\x80\xa6',"b""RT _thatte Ask her what she thinks about Kashmir &amp Kashmiris she'll forget all her problems and start shouting Jai Hind Modi Papa\xe2\x80\xa6""",b'RT Neither Modi nor BJP care about the image of India abroad.',b'RT Despite multiple efforts of Modi\xe2\x80\x99s racist government Kashmir issue didn\xe2\x80\x99t die down because Kashmir\xe2\x80\x99s Ambassador has been\xe2\x80\xa6',b'RT If you have #worst finance minister If you have #taripaar home minister If you have #photo_maniac prime M If mp MLA ha\xe2\x80\xa6',b'RT Mandir mein lamb chicken mutton Tauba tauba Hindu sanskriti khatre mein hain From Modi ji PS Imagine the outrage if\xe2\x80\xa6',b'RT They used to blame Pakistan for militancy in #Kashmir now have started blaming Pakistan for #GoBackModi trend on Twitter whe\xe2\x80\xa6',b'RT Pakistan Military plan launch big strategic missile test at same time Modi meets Xi Jinping Indian intelligence https\xe2\x80\xa6',b'RT _to_EVM _chaudhari Is Modi Amit shah trying to break the record of number of killings in Godhra riot 2002)\xe2\x80\xa6',"b""RT Modi is a Corporate Broker! Modi waived 3.56 Lakh Crores Corporate Loans (NPA write off's) and 1.44 Lakh Crores Corporate\xe2\x80\xa6""",b'RT Modi meets Xi today &amp his media paints the picture that they are equals India might match China in population but to match\xe2\x80\xa6',b'RT 6 university students in India who wrote a letter to Modi about lynchings were expelled. Students in New India (including sc\xe2\x80\xa6',b'_MuhammadPTI Shame GO Hitler Modi Go',b'RT Those who think PM Modi is a leader just for North India must see his popularity in Tamilnadu A national leader Modi\xe2\x80\xa6',"b""RT Yep but modi doesn't care till rich firangi are hosting his heist and adani ambani are o\xe2\x80\xa6""","b""RT I was praying all the way that Modi Ji's 'mundu (dhoti wouldn't fall off his waist as he is not used to wearing mundu li\xe2\x80\xa6"""
b'RT _bear No of International visits by MMS in UPA1 35 No of International visits by MMS in UPA2 38 No of International visits b\xe2\x80\xa6',b'RT #Modi came up with a new way to conduct Polls in #Kashmir \xe2\x80\x9cIf you want Mobile phone then sign a document that says that yo\xe2\x80\xa6',b'RT If Modi ji had chosen Kerala this could have been the outcome for Xi #ModiXiSummit https://t.co/1hGV2Hhrvp',"b'_buddha Congress govt to punish him,if you fully trust media trp https://t.co/LYLto1z4gE'","b'RT ""Show Your 56-Inch Chest"" Kapil Sibal Tweets As PM Meets Xi Jinping NDTV https://t.co/1Yh7M0eCXL'","b""RT A Chinese woman's appeal to Modi Xi to help find her lost Indian brother https://t.co/6U0mzlOgMU""",b'RT _kpm This is what we got today in chennai because of #modi \xf0\x9f\x98\x96 #GoBackModi https://t.co/YnqZYzJHcq',b'RT #PakHomeAlone 9 handshakes between PM Modi and Chinese President Xi Jingping Is Pak in panic that its all weather friend ha\xe2\x80\xa6',b'RT Modi meets Xi today &amp his media paints the picture that they are equals India might match China in population but to match\xe2\x80\xa6',"b""RT How PM \xe2\x81\xa6 showcases 'Incredible India to foreign leaders https://t.co/OoRNQs9XQl via NaMo App https://t.co/a\xe2\x80\xa6""","b""_theindian You Do Know They Will Be at Fisherman's Cove Right?! Do you Know What's Their Menu?! #PEDOGATE https://t.co/SdEK9e4MIU""",b'RT 6 university students in India who wrote a letter to Modi about lynchings were expelled. Students in New India (including sc\xe2\x80\xa6',b'_buddha Yeah seems like a bhakt Just like modi speaking pata https://t.co/GCx64jFj0M',b'Modi Xi chat without aides for two-and-a-half hours (Roundup) Mahabalipuram Oct 12 (IANS The one-o... https://t.co/trB3Glz4vl',b'Our two big neighbors meet up with Xi and Modi in Delhi Indian students welcome Xi by spelling out his name.They\xe2\x80\x99r https://t.co/nXc4rUqZQQ',b'RT It\xe2\x80\x99s become par for course for #GoBackModi to trend on Twitter every time the Prime Minister is anywhere near Tamil Nadu. \xe2\x80\xa6',b'RT _saiganesh Prime Minister in Veshti How many times before we have seen a Prime Minister preferring to wear Veshti and\xe2\x80\xa6',b'RT \xe2\x80\x98We Do Not Welcome China\xe2\x80\x99s Comments On Kashmir\xe2\x80\x99 India Talks Tough Ahead Of Upcoming Modi-Xi Summit https://t.co/5JeJzSg\xe2\x80\xa6',"b""RT #NewsAlert Pak propaganda cell caught fueling spurious 'Go Back Modi trend on Twitter Pakistan spooked by Modi-Xi bonhom\xe2\x80\xa6""",b'RT Modi doesn\xe2\x80\x99t get to wipe his bloody hands with the tablecloth of the office of PM #GoBackModi is appropriate;\xe2\x80\xa6',"b""RT This woman is a Modi Voter She lost her money in PMC Bank scam Now she is crying and begging in front of Modi's cut out in\xe2\x80\xa6""",b'_wa He was just questioned not arrested .If Modi were a da https://t.co/E1lzVUJj10',b'RT _169 Tamil Nadu is the only state in India where a Chinese President #XiJingping can travel through common roadways without fear\xe2\x80\xa6',b'RT Modi in Veshti He gives recognition to a Tamil Nadu monument to Global stage. Whatta gesture Now what do the cheap ha\xe2\x80\xa6',b'RT 67 days of clampdown in Kashmir. Each and every sane minded person must oppose Modi and his ilk Kashmiris have right to se\xe2\x80\xa6',b'RT _saiganesh PM Modi has become the brand ambassador of Tamil language and culture in the global arena Spoke Tamil proverb in UN!\xe2\x80\xa6',b'RT High on optics will the Xi Modi meeting have any concrete outcomes Analyst say there\xe2\x80\x99s too much bad blood after China\xe2\x80\x99\xe2\x80\xa6',"b""'s account has been withheld in India in response to a legal demand Learn more.""",b'Yes modi should ask Xi to vacate the poker land and also aksai chin gifted by Nehru.. any thing else https://t.co/EYXKlFKmwe',b'RT __girl It can never be its just indians need to understand what modi is doing to there country and we are co\xe2\x80\xa6',b'RT _saiganesh Still few in Tamil media are spreading fake news of China choosing Mahabalipuram for summit even after Times of India had\xe2\x80\xa6',"b'RT No surprise \xf0\x9f\x91\x87 All 6 students expelled from a central university in Maharashtra after event to write protest letters to Modi,\xe2\x80\xa6'",b'RT _d_h_nair Narendra Modi as PM of India is incapable of leading the country forward In his tenure of nearly six years India had deve\xe2\x80\xa6',b'It can never be its just indians need to understand what modi is doing to there country and https://t.co/im5Bq6rN2e',b'RT _thinker Home minister Amit Shah recently claimed PM Modi travelled abroad less than former PM Manmohan Singh in five years How t\xe2\x80\xa6',"b""RT _thatte Ask her what she thinks about Kashmir &amp Kashmiris she'll forget all her problems and start shouting Jai Hind Modi Papa\xe2\x80\xa6""",b'RT Neither Modi nor BJP care about the image of India abroad.',b'RT Despite multiple efforts of Modi\xe2\x80\x99s racist government Kashmir issue didn\xe2\x80\x99t die down because Kashmir\xe2\x80\x99s Ambassador has been\xe2\x80\xa6',b'RT If you have #worst finance minister If you have #taripaar home minister If you have #photo_maniac prime M If mp MLA ha\xe2\x80\xa6',b'RT Mandir mein lamb chicken mutton Tauba tauba Hindu sanskriti khatre mein hain From Modi ji PS Imagine the outrage if\xe2\x80\xa6',b'RT They used to blame Pakistan for militancy in #Kashmir now have started blaming Pakistan for #GoBackModi trend on Twitter whe\xe2\x80\xa6',b'RT Pakistan Military plan launch big strategic missile test at same time Modi meets Xi Jinping Indian intelligence https\xe2\x80\xa6',b'RT _to_EVM _chaudhari Is Modi Amit shah trying to break the record of number of killings in Godhra riot 2002)\xe2\x80\xa6',"b""RT Modi is a Corporate Broker! Modi waived 3.56 Lakh Crores Corporate Loans (NPA write off's) and 1.44 Lakh Crores Corporate\xe2\x80\xa6""",b'RT Modi meets Xi today &amp his media paints the picture that they are equals India might match China in population but to match\xe2\x80\xa6',b'RT 6 university students in India who wrote a letter to Modi about lynchings were expelled. Students in New India (including sc\xe2\x80\xa6',b'_MuhammadPTI Shame GO Hitler Modi Go',b'RT Those who think PM Modi is a leader just for North India must see his popularity in Tamilnadu A national leader Modi\xe2\x80\xa6',"b""RT Yep but modi doesn't care till rich firangi are hosting his heist and adani ambani are o\xe2\x80\xa6""","b""RT I was praying all the way that Modi Ji's 'mundu (dhoti wouldn't fall off his waist as he is not used to wearing mundu li\xe2\x80\xa6""",b'RT It is the media mainly Media continues to beat the drum of ant\xe2\x80\xa6',b'RT Hongkong protests are orchestrated by the West to undermine China media coverage is reflective of this\xe2\x80\xa6',"b""RT When it was introduced it was Modi's achievement When votes were sought it was Modi's heroic When it's proven to\xe2\x80\xa6""","b""_the _arora _Starr _irani You say Modiji's cabinet is full of illiterates But where do you place Modi himself!?!?!""",b'This is only in opposition to Modi because their Islamic mentors consider the Modi government to be a https://t.co/4UFPr6iOpo',"b'#GoBackModi ""Ek kahawat hai hathi chale bazaar kuta bhuke hazar"" Modi better know how to play the minds of few thou https://t.co/OZNSSQravf'",b'RT _d_h_nair 6 Wardha University Students \xe2\x80\x98Expelled After Writing Letter to PM Modi on \xe2\x80\x9cmob lynching sell out of PSUs silencing of Ka\xe2\x80\xa6',b'RT Xi I have put 1 million Muslims in detention centers in Xinjiang. Modi I have put 8 million Muslims in detention centers\xe2\x80\xa6',b'RT Being a Pakistani our minister should present our culture with pride infront of forgein delegates Modi sent an exampl\xe2\x80\xa6',b'RT Xi I have put 1 million Muslims in detention centers in Xinjiang. Modi I have put 8 million Muslims in detention centers\xe2\x80\xa6',b'RT I\xe2\x80\x99d like to know her reasoning for dissent.Hopefully it\xe2\x80\x99s not something about gratitude. What\xe2\x80\x99s this thing ab\xe2\x80\xa6',b'RT _in No of TN fishermen killed by Srilankan Navy During UPA Over 700 During Modi Regime 1 Now you know why these br\xe2\x80\xa6',b'RT Request to upload the question too wherein a participant from the audience spoke completely deriding #GST Had halte\xe2\x80\xa6',b'RT India &amp China both fast growing economies China surging ahead India cares for environment along with growth Modi cham\xe2\x80\xa6',b'RT Xi I have put 1 million Muslims in detention centers in Xinjiang. Modi I have put 8 million Muslims in detention centers\xe2\x80\xa6',"b""'s account has been withheld in India in response to a legal demand Learn more.""",b'RT They used to blame Pakistan for militancy in #Kashmir now have started blaming Pakistan for #GoBackModi trend on Twitter whe\xe2\x80\xa6',b'RT Modi govt has written off \xe2\x82\xb92.75 lakh crore owed by rich cronies in FY18-19 which was the election year when BJP got al\xe2\x80\xa6',b'RT Mamallapuram A Grand Living Museum Of Architecture And Sculpture As Modi meets Xi in Mamallapuram here is what this p\xe2\x80\xa6',"b'RT The one-on-one tete-a-tete between #Modi and #Jinping over dinner lasted for two-and-a-half hours and was ""very open and cor\xe2\x80\xa6'","b""RT __girl Modi is Indian Nawaz Sharif Like Pakistan's X prime minister and x-president modi is the puppet in hands of tho\xe2\x80\xa6""","b""RT In Modi's India, SBI writes off loans worth \xe2\x82\xb976,600 crore of 220 defaulters an average of \xe2\x82\xb9350 crore per head\xf0\x9f\x98\xb2\xe2\x80\xa6""",b'RT _saiganesh Times of India wrote a fake news saying Mamallapuram was not chosen by Modi instead was chosen by China Later deleted\xe2\x80\xa6',"b'RT PM Modi has given a befitting reply to ""so-called Hindi Imposition narrative by wearing traditional dress of South Indian Aft\xe2\x80\xa6'",b'RT Matter of time before BJP TN unit refers to PM as Modi anna #veshti https://t.co/eS1BWHheno',"b""RT NEWS #China China's Xi Jinping is stepping very very delicately into the #Kashmir crisis https://t.co/dWoky6gJRk""",b'RT #gobackmirjafars I called ministry of I&amp;B by noon Asked them why are they watching the Go back Modi trend the reply\xe2\x80\xa6',b'RT Modi XI Jinping Meet Live Modi-Xi Informal Summit in Mamallapuram Live Streaming Modi Jinping Meeting Today Live Teleca\xe2\x80\xa6',b'RT China\xe2\x80\x99s Xi Backs Pakistan on Kashmir Ahead of Meeting with Modi https://t.co/RJ593UIgUi',b'RT \xe2\x80\x98Go back Modi trolls have been exposed Even a Congress \xe2\x80\x98hand has been found in the plot trying to smear Modi-Xi meet TI\xe2\x80\xa6',"b""'s account has been withheld in India in response to a legal demand Learn more.""",b'RT _Chiron By the way Peshwa was of India Not of just Deccan His seat was in Deccan Guess where the phrase \xe2\x80\x9cattock\xe2\x80\xa6',"b""RT If you voted for Modi despite knowing that he'd plummet the economy and now you're crying about your money being stuck a\xe2\x80\xa6""",b'RT PM Modi tweets in three languages after his tour with Xi Jinping https://t.co/mvsWEQB7Mr',b'RT Increasing trade and combating terrorism the main takeaways from Day 1 of #ModiXiSummit who covers fore\xe2\x80\xa6',"b""RT A Sumptuous meal Here's the menu for official dinner hosted by PM Modi Follow Modi-Xi Summit LIVE https://t.co/KW\xe2\x80\xa6""",b'RT #GoBackMirJafars Cong Commies Pakis DMK pimps in paid media fake NGOs have joined hands to stop Modi Unfort\xe2\x80\xa6',"b""RT GST was supposedly Modi's great achievement But now according to our finance minister 'flawed GST is a collective respo\xe2\x80\xa6""",b'RT Foreign Secretary on Modi Xi meet Meeting between PM Modi and Prez Xi Jinping over dinner lasted for 150 mins. -\xe2\x80\xa6',b'RT Those who think PM Modi is a leader just for North India must see his popularity in Tamilnadu A national leader Modi\xe2\x80\xa6',b'RT Xi I have put 1 million Muslims in detention centers in Xinjiang. Modi I have put 8 million Muslims in detention centers\xe2\x80\xa6',b'RT Maharashtra Wardha central university expels Dalit OBC students after letter-writing event for PM https://t.co/zz5eKDmJS1',b'RT Home minister Amit Shah recently claimed PM Modi travelled abroad less than former PM Manmohan Singh in five years How\xe2\x80\xa6',b'RT Xi I have put 1 million Muslims in detention centers in Xinjiang. Modi I have put 8 million Muslims in detention centers\xe2\x80\xa6',b'RT Mandir mein lamb chicken mutton Tauba tauba Hindu sanskriti khatre mein hain From Modi ji PS Imagine the outrage if\xe2\x80\xa6',"b""RT Liberal's Myth Modi hates South India. Today PM Ji has debunked the lies of liberal by showcasing south Ind\xe2\x80\xa6""",b'RT Noticed many Tamils asking Modi to go back while welcoming Xi Jinping Why are you against a wannabe fascist while you\xe2\x80\xa6',b'RT Mandir mein lamb chicken mutton Tauba tauba Hindu sanskriti khatre mein hain From Modi ji PS Imagine the outrage if\xe2\x80\xa6',"b""RT Dressed in Vesti shirt &amp angavastram PM walked Chinese Pres Xi Jinping around Arjuna's Penance Descent\xe2\x80\xa6""","b""RT Few people will note the subtlety with which Communist China's civilizational claims have been shown a mirror of reality\xe2\x80\xa6"""
b'RT Modi uses MII Land Rover made by Tatas President Xi is driven in Chinese made armoured limousine. Let nobody tell Imran\xe2\x80\xa6',b'RT Modi govt has written off \xe2\x82\xb92.75 lakh crore owed by rich cronies in FY18-19 which was the election year when BJP got al\xe2\x80\xa6',b'RT Uttar Pradesh Muslim Women In Muzaffarnagar Begin Building Temple For Pm Modi Thank Him Changing Their Lives Great new\xe2\x80\xa6',b'RT \xf0\x9f\x8c\xb9\xf0\x9f\x99\x8f\xf0\x9f\x8c\xb9\xf0\x9f\x8c\xb9\xf0\x9f\xa4\xb2\xf0\x9f\x8c\xb9\xf0\x9f\xa4\xb2\xf0\x9f\x8c\xb9\xf0\x9f\xa4\xb2\xf0\x9f\x8c\xb9\xf0\x9f\xa4\xb2\xf0\x9f\x8c\xb9\xf0\x9f\xa4\xb2ilike you only modi jee only modi SARKAR Jee',b'RT They used to blame Pakistan for militancy in #Kashmir now have started blaming Pakistan for #GoBackModi trend on Twitter whe\xe2\x80\xa6',b'RT Modi-Xi meet at Mahabalipuram from where DaMo (Bodhi Dharma went to China in 500CE is strategic civilisational diplomacy\xe2\x80\xa6',b'RT The culturally and historically rich seaside town of Mamallapuram in Tamil Nadu is all set to welcome PM ji\xe2\x80\xa6',b'RT If anyone thinks Modi Ji is in Tamil Nadu to host President Xi Jinping then you are just a Headline reader He is actually\xe2\x80\xa6',b'RT \xe2\x80\x98Go back Modi trolls have been exposed Even a Congress \xe2\x80\x98hand has been found in the plot trying to smear Modi-Xi meet TI\xe2\x80\xa6',b'RT _delhi _ke_Bhav _511 \xe2\x80\xa6'
b'RT _rathee 3 Bhakts are desperate for validation Especially from foreigners if you\xe2\x80\x99re a Caucasian converted Bhakt living in weste\xe2\x80\xa6',"b'RT No surprise \xf0\x9f\x91\x87 All 6 students expelled from a central university in Maharashtra after event to write protest letters to Modi,\xe2\x80\xa6'",b'RT _rathee 5 Bhakts behave like a cult It\xe2\x80\x99s easy to gain followers by simply copy pasting No need to be original or creative the\xe2\x80\xa6',"b""'s account has been withheld in India in response to a legal demand Learn more.""",b'RT Modi XI Jinping Meet Live Modi-Xi Informal Summit in Mamallapuram Live Streaming Modi Jinping Meeting Today Live Teleca\xe2\x80\xa6',"b'RT I cant believe I have to explain to a person in this day and age why ""Are toh thode logo ko discomfort hua for the bett\xe2\x80\xa6'",b'RT #GoBackModi must be trend worldwide. Modi has locked 8 million Kashmiris in their own land Modi must be opposed anywhere in\xe2\x80\xa6',b'RT Another defense scandal Same Ambani Junior Involved Modi regime refuses to cooperate with bribery investigation by Ukraine\xe2\x80\xa6',"b""Tamilian's waiting for Modi #GoBackModi https://t.co/8JjAKm4TCB""","b'RT Truth about ""Go Back Modi trend 58 tweets from Pakistan 4 from Chennai 2 in Tamil &amp 23 in Urdu Wow what\xe2\x80\xa6'"
b'RT Last 36 debates on by Attacking Pakistan 18 Attacking Opposition 9 Praising Modi &amp Shah 3\xe2\x80\xa6',"b""RT In Modi's India, SBI writes off loans worth \xe2\x82\xb976,600 crore of 220 defaulters an average of \xe2\x82\xb9350 crore per head\xf0\x9f\x98\xb2\xe2\x80\xa6""",b'RT \xe2\x80\x9cAn old Narendra Modi speech ridiculing \xe2\x80\x9cnimbu-mirchi superstition was widely shared on Twitter to poke fun at the BJP\xe2\x80\xa6',b'RT Chinese President Xi Jinping and Indian Prime Minister Narendra Modi agrees to promote exchanges and mutual learning among civi\xe2\x80\xa6',b'PM Modi Supporter Poses as Muslim Woman Using Mehbooba Mufti\xe2\x80\x99s Daughter\xe2\x80\x99s Photo on Twitter https://t.co/cldW5ZZlmc',"b""RT GST was supposedly Modi's great achievement But now according to our finance minister 'flawed GST is a collective respo\xe2\x80\xa6""","b'The result of #Modi working 18 hours is the ""Reserve Bank of India becoming the ""Reverse Bank of India"" #GujaratModelEconomy'","b'RT Yawn Modi and his ""last last card"" been more than two months now please come up with new terminologies at least https:\xe2\x80\xa6'","b""RT _theindian While PM keeps us busy with his 'Hindu-Muslim &amp 'Anti-Pakistan narrative China has built a massive military complex at\xe2\x80\xa6""","b'Here\'s a telling factoid from _kumar\'s coverage of Modi\'s recent US visit ""Joe Biden\'s Asian American Paci https://t.co/nhKf1L7rfL'"
b'Be it Trump or Netanyahu or She Jin Ping... Modi simply holds their hand and takes them for a walk https://t.co/qn3g1vSW2V',b'RT Last 36 debates on by Attacking Pakistan 18 Attacking Opposition 9 Praising Modi &amp Shah 3\xe2\x80\xa6',b'RT Let us all celebrate the recession and economic slowdown in our country in Modi style just like Modi Government is busy\xe2\x80\xa6',b'Chinese president Xi took a message to Modi Heavy shelling across PAK-Indo LOC Pakistan military preparing to tes https://t.co/YC8z86sMfy',b'RT Chinese President Xi Jinping and Indian Prime Minister Narendra Modi agrees to promote exchanges and mutual learning among civi\xe2\x80\xa6',b'RT Uttar Pradesh Muslim Women In Muzaffarnagar Begin Building Temple For Pm Modi Thank Him Changing Their Lives Great new\xe2\x80\xa6',b'RT \xe2\x80\x9cMany are spinning the narrative that Shias of #Kashmir support Modi government\xe2\x80\x99s moves That couldn\xe2\x80\x99t be more untrue..\xe2\x80\xa6',"b'_bear When media will understand its responsibility.. rather than ""quoting Amit Shah they should have done li https://t.co/rowKezt1dU'","b""RT If you voted for Modi despite knowing that he'd plummet the economy and now you're crying about your money being stuck a\xe2\x80\xa6""",b'RT Cut direct taxes for the rich Hike regressive indirect taxes for the poor via #GST What a wonderful way to stimulate\xe2\x80\xa6'
b'RT It\xe2\x80\x99s become par for course for #GoBackModi to trend on Twitter every time the Prime Minister is anywhere near Tamil Nadu. \xe2\x80\xa6',b'RT The Economic crisis is deepening with every passing day but Modi Govt remains oblivious to the disaster on its watch.\xe2\x80\xa6',b'RT If anyone thinks Modi Ji is in Tamil Nadu to host President Xi Jinping then you are just a Headline reader He is actually\xe2\x80\xa6',"b""This can happen only in China.. oops.. in Modi's India.""",b'RT _saiganesh Times of India wrote a fake news saying Mamallapuram was not chosen by Modi instead was chosen by China Later deleted\xe2\x80\xa6',b'RT I am sorry but I don\xe2\x80\x99t think there is anything contradictory in these two statement. He linked last card with revoking occ\xe2\x80\xa6',b'I never understood why tamilians hate modi so much which publicly praising and supporting pakistan? https://t.co/1O2ogpxzZV',b'RT Watch I prove Narendra Modi an Anti Army Anti India. Watch Video https://t.co/qviZgQH0vZ',b'RT _saiganesh Many came to know about Mahabalipuram only after PM Modi hosted Sino-India meet here This talks a lot on how previous ce\xe2\x80\xa6',b'What were u doing when yr party was ruling for 60 plus years India lost to China when Nehru was India\xe2\x80\x99 https://t.co/YQdesKznSF'
